,imgFileName,PlaneExposureTime,PixelsPhysicalSizeX,PixelsPhysicalSizeY
0,sampleFile2.zvi_filtered1.png,0.064,0.511904761904762,0.511904761904762
1,sampleFile3.zvi_filtered2.png,0.064,0.511904761904762,0.511904761904762
2,sampleFile4.zvi_filtered3.png,0.064,0.511904761904762,0.511904761904762
3,sampleFile1.zvi_filtered4.png,0.064,0.511904761904762,0.511904761904762
4,sampleFile5.zvi_filtered5.png,0.064,0.511904761904762,0.511904761904762
